[{"logType": "success", "message": "Relay Control mosquitto_pub -t '/ig100/a840411bff87/request' -m '{\"payload\": {\"command\": \"SET_RELAY_PIN_VALUE\", \"value\": \"1\", \"pin\": \"0\"}, \"message_uid\": \"00001\"}'", "event": "Trigger::Relay Control", "time": 1325378736.216774}, {"logType": "success", "message": "Relay Control mosquitto_pub -t '/ig100/a840411bff87/request' -m '{\"payload\": {\"command\": \"SET_RELAY_PIN_VALUE\", \"value\": \"1\", \"pin\": \"0\"}, \"message_uid\": \"00001\"}'", "event": "Trigger::Relay Control", "time": 1325378726.2167028}, {"logType": "success", "message": "Relay Control mosquitto_pub -t '/ig100/a840411bff87/request' -m '{\"payload\": {\"command\": \"SET_RELAY_PIN_VALUE\", \"value\": \"1\", \"pin\": \"0\"}, \"message_uid\": \"00001\"}'", "event": "Trigger::Relay Control", "time": 1325378716.228101}, {"logType": "success", "message": "Relay Control mosquitto_pub -t '/ig100/a840411bff87/request' -m '{\"payload\": {\"command\": \"SET_RELAY_PIN_VALUE\", \"value\": \"1\", \"pin\": \"0\"}, \"message_uid\": \"00001\"}'", "event": "Trigger::Relay Control", "time": 1325378706.2181099}, {"logType": "success", "message": "Relay Control mosquitto_pub -t '/ig100/a840411bff87/request' -m '{\"payload\": {\"command\": \"SET_RELAY_PIN_VALUE\", \"value\": \"1\", \"pin\": \"0\"}, \"message_uid\": \"00001\"}'", "event": "Trigger::Relay Control", "time": 1325378696.2167802}, {"logType": "success", "message": "Relay Control mosquitto_pub -t '/ig100/a840411bff87/request' -m '{\"payload\": {\"command\": \"SET_RELAY_PIN_VALUE\", \"value\": \"1\", \"pin\": \"0\"}, \"message_uid\": \"00001\"}'", "event": "Trigger::Relay Control", "time": 1325378686.2159018}, {"logType": "success", "message": "Relay Control mosquitto_pub -t '/ig100/a840411bff87/request' -m '{\"payload\": {\"command\": \"SET_RELAY_PIN_VALUE\", \"value\": \"1\", \"pin\": \"0\"}, \"message_uid\": \"00001\"}'", "event": "Trigger::Relay Control", "time": 1325378676.2198858}, {"logType": "success", "message": "Relay Control mosquitto_pub -t '/ig100/a840411bff87/request' -m '{\"payload\": {\"command\": \"SET_RELAY_PIN_VALUE\", \"value\": \"1\", \"pin\": \"0\"}, \"message_uid\": \"00001\"}'", "event": "Trigger::Relay Control", "time": 1325378666.2178366}, {"logType": "success", "message": "Relay Control mosquitto_pub -t '/ig100/a840411bff87/request' -m '{\"payload\": {\"command\": \"SET_RELAY_PIN_VALUE\", \"value\": \"1\", \"pin\": \"0\"}, \"message_uid\": \"00001\"}'", "event": "Trigger::Relay Control", "time": 1325378656.237742}, {"logType": "success", "message": "Relay Control mosquitto_pub -t '/ig100/a840411bff87/request' -m '{\"payload\": {\"command\": \"SET_RELAY_PIN_VALUE\", \"value\": \"1\", \"pin\": \"0\"}, \"message_uid\": \"00001\"}'", "event": "Trigger::Relay Control", "time": 1325378646.2173979}, {"logType": "success", "message": "Relay Control mosquitto_pub -t '/ig100/a840411bff87/request' -m '{\"payload\": {\"command\": \"SET_RELAY_PIN_VALUE\", \"value\": \"1\", \"pin\": \"0\"}, \"message_uid\": \"00001\"}'", "event": "Trigger::Relay Control", "time": 1325378636.2194927}, {"logType": "success", "message": "Relay Control mosquitto_pub -t '/ig100/a840411bff87/request' -m '{\"payload\": {\"command\": \"SET_RELAY_PIN_VALUE\", \"value\": \"1\", \"pin\": \"0\"}, \"message_uid\": \"00001\"}'", "event": "Trigger::Relay Control", "time": 1325378626.2159979}, {"logType": "success", "message": "Relay Control mosquitto_pub -t '/ig100/a840411bff87/request' -m '{\"payload\": {\"command\": \"SET_RELAY_PIN_VALUE\", \"value\": \"1\", \"pin\": \"0\"}, \"message_uid\": \"00001\"}'", "event": "Trigger::Relay Control", "time": 1325378616.2259062}, {"logType": "success", "message": "Relay Control mosquitto_pub -t '/ig100/a840411bff87/request' -m '{\"payload\": {\"command\": \"SET_RELAY_PIN_VALUE\", \"value\": \"1\", \"pin\": \"0\"}, \"message_uid\": \"00001\"}'", "event": "Trigger::Relay Control", "time": 1325378606.2198928}, {"logType": "success", "message": "Relay Control mosquitto_pub -t '/ig100/a840411bff87/request' -m '{\"payload\": {\"command\": \"SET_RELAY_PIN_VALUE\", \"value\": \"1\", \"pin\": \"0\"}, \"message_uid\": \"00001\"}'", "event": "Trigger::Relay Control", "time": 1325378596.219724}, {"logType": "success", "message": "Relay Control mosquitto_pub -t '/ig100/a840411bff87/request' -m '{\"payload\": {\"command\": \"SET_RELAY_PIN_VALUE\", \"value\": \"1\", \"pin\": \"0\"}, \"message_uid\": \"00001\"}'", "event": "Trigger::Relay Control", "time": 1325378586.2212221}, {"logType": "success", "message": "Relay Control mosquitto_pub -t '/ig100/a840411bff87/request' -m '{\"payload\": {\"command\": \"SET_RELAY_PIN_VALUE\", \"value\": \"1\", \"pin\": \"0\"}, \"message_uid\": \"00001\"}'", "event": "Trigger::Relay Control", "time": 1325378576.2198141}, {"logType": "success", "message": "Relay Control mosquitto_pub -t '/ig100/a840411bff87/request' -m '{\"payload\": {\"command\": \"SET_RELAY_PIN_VALUE\", \"value\": \"1\", \"pin\": \"0\"}, \"message_uid\": \"00001\"}'", "event": "Trigger::Relay Control", "time": 1325378566.2274238}, {"logType": "success", "message": "Relay Control mosquitto_pub -t '/ig100/a840411bff87/request' -m '{\"payload\": {\"command\": \"SET_RELAY_PIN_VALUE\", \"value\": \"1\", \"pin\": \"0\"}, \"message_uid\": \"00001\"}'", "event": "Trigger::Relay Control", "time": 1325378556.217916}, {"logType": "success", "message": "Relay Control mosquitto_pub -t '/ig100/a840411bff87/request' -m '{\"payload\": {\"command\": \"SET_RELAY_PIN_VALUE\", \"value\": \"1\", \"pin\": \"0\"}, \"message_uid\": \"00001\"}'", "event": "Trigger::Relay Control", "time": 1325378546.226954}, {"logType": "success", "message": "Relay Control mosquitto_pub -t '/ig100/a840411bff87/request' -m '{\"payload\": {\"command\": \"SET_RELAY_PIN_VALUE\", \"value\": \"1\", \"pin\": \"0\"}, \"message_uid\": \"00001\"}'", "event": "Trigger::Relay Control", "time": 1325378536.218981}, {"logType": "success", "message": "Relay Control mosquitto_pub -t '/ig100/a840411bff87/request' -m '{\"payload\": {\"command\": \"SET_RELAY_PIN_VALUE\", \"value\": \"1\", \"pin\": \"0\"}, \"message_uid\": \"00001\"}'", "event": "Trigger::Relay Control", "time": 1325378526.2278767}, {"logType": "success", "message": "Relay Control mosquitto_pub -t '/ig100/a840411bff87/request' -m '{\"payload\": {\"command\": \"SET_RELAY_PIN_VALUE\", \"value\": \"1\", \"pin\": \"0\"}, \"message_uid\": \"00001\"}'", "event": "Trigger::Relay Control", "time": 1325378516.224564}, {"logType": "success", "message": "Relay Control mosquitto_pub -t '/ig100/a840411bff87/request' -m '{\"payload\": {\"command\": \"SET_RELAY_PIN_VALUE\", \"value\": \"1\", \"pin\": \"0\"}, \"message_uid\": \"00001\"}'", "event": "Trigger::Relay Control", "time": 1325378506.2214801}, {"logType": "success", "message": "Relay Control mosquitto_pub -t '/ig100/a840411bff87/request' -m '{\"payload\": {\"command\": \"SET_RELAY_PIN_VALUE\", \"value\": \"1\", \"pin\": \"0\"}, \"message_uid\": \"00001\"}'", "event": "Trigger::Relay Control", "time": 1325378496.2277393}, {"logType": "success", "message": "Relay Control mosquitto_pub -t '/ig100/a840411bff87/request' -m '{\"payload\": {\"command\": \"SET_RELAY_PIN_VALUE\", \"value\": \"1\", \"pin\": \"0\"}, \"message_uid\": \"00001\"}'", "event": "Trigger::Relay Control", "time": 1325378486.218437}, {"logType": "success", "message": "Relay Control mosquitto_pub -t '/ig100/a840411bff87/request' -m '{\"payload\": {\"command\": \"SET_RELAY_PIN_VALUE\", \"value\": \"1\", \"pin\": \"0\"}, \"message_uid\": \"00001\"}'", "event": "Trigger::Relay Control", "time": 1325378476.226372}, {"logType": "success", "message": "Relay Control mosquitto_pub -t '/ig100/a840411bff87/request' -m '{\"payload\": {\"command\": \"SET_RELAY_PIN_VALUE\", \"value\": \"1\", \"pin\": \"0\"}, \"message_uid\": \"00001\"}'", "event": "Trigger::Relay Control", "time": 1325378466.2275299}, {"logType": "success", "message": "Relay Control mosquitto_pub -t '/ig100/a840411bff87/request' -m '{\"payload\": {\"command\": \"SET_RELAY_PIN_VALUE\", \"value\": \"1\", \"pin\": \"0\"}, \"message_uid\": \"00001\"}'", "event": "Trigger::Relay Control", "time": 1325378456.225512}, {"logType": "success", "message": "Relay Control mosquitto_pub -t '/ig100/a840411bff87/request' -m '{\"payload\": {\"command\": \"SET_RELAY_PIN_VALUE\", \"value\": \"1\", \"pin\": \"0\"}, \"message_uid\": \"00001\"}'", "event": "Trigger::Relay Control", "time": 1325378446.216495}, {"logType": "success", "message": "Relay Control mosquitto_pub -t '/ig100/a840411bff87/request' -m '{\"payload\": {\"command\": \"SET_RELAY_PIN_VALUE\", \"value\": \"1\", \"pin\": \"0\"}, \"message_uid\": \"00001\"}'", "event": "Trigger::Relay Control", "time": 1325378436.230934}, {"logType": "success", "message": "Relay Control mosquitto_pub -t '/ig100/a840411bff87/request' -m '{\"payload\": {\"command\": \"SET_RELAY_PIN_VALUE\", \"value\": \"1\", \"pin\": \"0\"}, \"message_uid\": \"00001\"}'", "event": "Trigger::Relay Control", "time": 1325378426.216151}, {"logType": "success", "message": "Relay Control mosquitto_pub -t '/ig100/a840411bff87/request' -m '{\"payload\": {\"command\": \"SET_RELAY_PIN_VALUE\", \"value\": \"1\", \"pin\": \"0\"}, \"message_uid\": \"00001\"}'", "event": "Trigger::Relay Control", "time": 1325378416.2291801}, {"logType": "success", "message": "Relay Control mosquitto_pub -t '/ig100/a840411bff87/request' -m '{\"payload\": {\"command\": \"SET_RELAY_PIN_VALUE\", \"value\": \"1\", \"pin\": \"0\"}, \"message_uid\": \"00001\"}'", "event": "Trigger::Relay Control", "time": 1325378406.2302661}, {"logType": "success", "message": "Relay Control mosquitto_pub -t '/ig100/a840411bff87/request' -m '{\"payload\": {\"command\": \"SET_RELAY_PIN_VALUE\", \"value\": \"1\", \"pin\": \"0\"}, \"message_uid\": \"00001\"}'", "event": "Trigger::Relay Control", "time": 1325378396.2182319}, {"logType": "success", "message": "Relay Control mosquitto_pub -t '/ig100/a840411bff87/request' -m '{\"payload\": {\"command\": \"SET_RELAY_PIN_VALUE\", \"value\": \"1\", \"pin\": \"0\"}, \"message_uid\": \"00001\"}'", "event": "Trigger::Relay Control", "time": 1325378386.220628}, {"logType": "success", "message": "Relay Control mosquitto_pub -t '/ig100/a840411bff87/request' -m '{\"payload\": {\"command\": \"SET_RELAY_PIN_VALUE\", \"value\": \"1\", \"pin\": \"0\"}, \"message_uid\": \"00001\"}'", "event": "Trigger::Relay Control", "time": 1325378376.226906}, {"logType": "success", "message": "Relay Control mosquitto_pub -t '/ig100/a840411bff87/request' -m '{\"payload\": {\"command\": \"SET_RELAY_PIN_VALUE\", \"value\": \"1\", \"pin\": \"0\"}, \"message_uid\": \"00001\"}'", "event": "Trigger::Relay Control", "time": 1325378366.2255141}, {"logType": "success", "message": "Relay Control mosquitto_pub -t '/ig100/a840411bff87/request' -m '{\"payload\": {\"command\": \"SET_RELAY_PIN_VALUE\", \"value\": \"1\", \"pin\": \"0\"}, \"message_uid\": \"00001\"}'", "event": "Trigger::Relay Control", "time": 1325378356.2195046}, {"logType": "success", "message": "Relay Control mosquitto_pub -t '/ig100/a840411bff87/request' -m '{\"payload\": {\"command\": \"SET_RELAY_PIN_VALUE\", \"value\": \"1\", \"pin\": \"0\"}, \"message_uid\": \"00001\"}'", "event": "Trigger::Relay Control", "time": 1325378346.2195221}, {"logType": "success", "message": "Relay Control mosquitto_pub -t '/ig100/a840411bff87/request' -m '{\"payload\": {\"command\": \"SET_RELAY_PIN_VALUE\", \"value\": \"1\", \"pin\": \"0\"}, \"message_uid\": \"00001\"}'", "event": "Trigger::Relay Control", "time": 1325378336.2280926}, {"logType": "success", "message": "Relay Control mosquitto_pub -t '/ig100/a840411bff87/request' -m '{\"payload\": {\"command\": \"SET_RELAY_PIN_VALUE\", \"value\": \"1\", \"pin\": \"0\"}, \"message_uid\": \"00001\"}'", "event": "Trigger::Relay Control", "time": 1325378326.2188402}, {"logType": "success", "message": "Relay Control mosquitto_pub -t '/ig100/a840411bff87/request' -m '{\"payload\": {\"command\": \"SET_RELAY_PIN_VALUE\", \"value\": \"1\", \"pin\": \"0\"}, \"message_uid\": \"00001\"}'", "event": "Trigger::Relay Control", "time": 1325378316.2191728}, {"logType": "success", "message": "Relay Control mosquitto_pub -t '/ig100/a840411bff87/request' -m '{\"payload\": {\"command\": \"SET_RELAY_PIN_VALUE\", \"value\": \"1\", \"pin\": \"0\"}, \"message_uid\": \"00001\"}'", "event": "Trigger::Relay Control", "time": 1325378306.2180659}, {"logType": "success", "message": "Relay Control mosquitto_pub -t '/ig100/a840411bff87/request' -m '{\"payload\": {\"command\": \"SET_RELAY_PIN_VALUE\", \"value\": \"1\", \"pin\": \"0\"}, \"message_uid\": \"00001\"}'", "event": "Trigger::Relay Control", "time": 1325378296.2279932}, {"logType": "success", "message": "Relay Control mosquitto_pub -t '/ig100/a840411bff87/request' -m '{\"payload\": {\"command\": \"SET_RELAY_PIN_VALUE\", \"value\": \"1\", \"pin\": \"0\"}, \"message_uid\": \"00001\"}'", "event": "Trigger::Relay Control", "time": 1325378286.235189}, {"logType": "success", "message": "Relay Control mosquitto_pub -t '/ig100/a840411bff87/request' -m '{\"payload\": {\"command\": \"SET_RELAY_PIN_VALUE\", \"value\": \"1\", \"pin\": \"0\"}, \"message_uid\": \"00001\"}'", "event": "Trigger::Relay Control", "time": 1325378276.2164831}, {"logType": "success", "message": "Relay Control mosquitto_pub -t '/ig100/a840411bff87/request' -m '{\"payload\": {\"command\": \"SET_RELAY_PIN_VALUE\", \"value\": \"1\", \"pin\": \"0\"}, \"message_uid\": \"00001\"}'", "event": "Trigger::Relay Control", "time": 1325378266.215895}, {"logType": "success", "message": "Relay Control mosquitto_pub -t '/ig100/a840411bff87/request' -m '{\"payload\": {\"command\": \"SET_RELAY_PIN_VALUE\", \"value\": \"1\", \"pin\": \"0\"}, \"message_uid\": \"00001\"}'", "event": "Trigger::Relay Control", "time": 1325378256.2272112}, {"logType": "success", "message": "Relay Control mosquitto_pub -t '/ig100/a840411bff87/request' -m '{\"payload\": {\"command\": \"SET_RELAY_PIN_VALUE\", \"value\": \"1\", \"pin\": \"0\"}, \"message_uid\": \"00001\"}'", "event": "Trigger::Relay Control", "time": 1325378246.215612}, {"logType": "success", "message": "Relay Control mosquitto_pub -t '/ig100/a840411bff87/request' -m '{\"payload\": {\"command\": \"SET_RELAY_PIN_VALUE\", \"value\": \"1\", \"pin\": \"0\"}, \"message_uid\": \"00001\"}'", "event": "Trigger::Relay Control", "time": 1325378236.2161851}, {"logType": "success", "message": "Relay Control mosquitto_pub -t '/ig100/a840411bff87/request' -m '{\"payload\": {\"command\": \"SET_RELAY_PIN_VALUE\", \"value\": \"1\", \"pin\": \"0\"}, \"message_uid\": \"00001\"}'", "event": "Trigger::Relay Control", "time": 1325378226.226093}, {"logType": "success", "message": "Relay Control mosquitto_pub -t '/ig100/a840411bff87/request' -m '{\"payload\": {\"command\": \"SET_RELAY_PIN_VALUE\", \"value\": \"1\", \"pin\": \"0\"}, \"message_uid\": \"00001\"}'", "event": "Trigger::Relay Control", "time": 1325378216.2181899}, {"logType": "success", "message": "Relay Control mosquitto_pub -t '/ig100/a840411bff87/request' -m '{\"payload\": {\"command\": \"SET_RELAY_PIN_VALUE\", \"value\": \"1\", \"pin\": \"0\"}, \"message_uid\": \"00001\"}'", "event": "Trigger::Relay Control", "time": 1325378206.2169488}, {"logType": "success", "message": "Relay Control mosquitto_pub -t '/ig100/a840411bff87/request' -m '{\"payload\": {\"command\": \"SET_RELAY_PIN_VALUE\", \"value\": \"1\", \"pin\": \"0\"}, \"message_uid\": \"00001\"}'", "event": "Trigger::Relay Control", "time": 1325378196.2165198}, {"logType": "success", "message": "Relay Control mosquitto_pub -t '/ig100/a840411bff87/request' -m '{\"payload\": {\"command\": \"SET_RELAY_PIN_VALUE\", \"value\": \"1\", \"pin\": \"0\"}, \"message_uid\": \"00001\"}'", "event": "Trigger::Relay Control", "time": 1325378186.2183532}, {"logType": "success", "message": "Relay Control mosquitto_pub -t '/ig100/a840411bff87/request' -m '{\"payload\": {\"command\": \"SET_RELAY_PIN_VALUE\", \"value\": \"1\", \"pin\": \"0\"}, \"message_uid\": \"00001\"}'", "event": "Trigger::Relay Control", "time": 1325378176.2164648}, {"logType": "success", "message": "Relay Control mosquitto_pub -t '/ig100/a840411bff87/request' -m '{\"payload\": {\"command\": \"SET_RELAY_PIN_VALUE\", \"value\": \"1\", \"pin\": \"0\"}, \"message_uid\": \"00001\"}'", "event": "Trigger::Relay Control", "time": 1325378166.216892}, {"logType": "success", "message": "Relay Control mosquitto_pub -t '/ig100/a840411bff87/request' -m '{\"payload\": {\"command\": \"SET_RELAY_PIN_VALUE\", \"value\": \"1\", \"pin\": \"0\"}, \"message_uid\": \"00001\"}'", "event": "Trigger::Relay Control", "time": 1325378156.2188539}, {"logType": "success", "message": "Relay Control mosquitto_pub -t '/ig100/a840411bff87/request' -m '{\"payload\": {\"command\": \"SET_RELAY_PIN_VALUE\", \"value\": \"1\", \"pin\": \"0\"}, \"message_uid\": \"00001\"}'", "event": "Trigger::Relay Control", "time": 1325378146.2362821}, {"logType": "success", "message": "Relay Control mosquitto_pub -t '/ig100/a840411bff87/request' -m '{\"payload\": {\"command\": \"SET_RELAY_PIN_VALUE\", \"value\": \"1\", \"pin\": \"0\"}, \"message_uid\": \"00001\"}'", "event": "Trigger::Relay Control", "time": 1325378136.216692}, {"logType": "success", "message": "Relay Control mosquitto_pub -t '/ig100/a840411bff87/request' -m '{\"payload\": {\"command\": \"SET_RELAY_PIN_VALUE\", \"value\": \"1\", \"pin\": \"0\"}, \"message_uid\": \"00001\"}'", "event": "Trigger::Relay Control", "time": 1325378126.216232}, {"logType": "success", "message": "Relay Control mosquitto_pub -t '/ig100/a840411bff87/request' -m '{\"payload\": {\"command\": \"SET_RELAY_PIN_VALUE\", \"value\": \"1\", \"pin\": \"0\"}, \"message_uid\": \"00001\"}'", "event": "Trigger::Relay Control", "time": 1325378116.2267661}, {"logType": "success", "message": "Relay Control mosquitto_pub -t '/ig100/a840411bff87/request' -m '{\"payload\": {\"command\": \"SET_RELAY_PIN_VALUE\", \"value\": \"1\", \"pin\": \"0\"}, \"message_uid\": \"00001\"}'", "event": "Trigger::Relay Control", "time": 1325378106.218299}, {"logType": "success", "message": "Relay Control mosquitto_pub -t '/ig100/a840411bff87/request' -m '{\"payload\": {\"command\": \"SET_RELAY_PIN_VALUE\", \"value\": \"1\", \"pin\": \"0\"}, \"message_uid\": \"00001\"}'", "event": "Trigger::Relay Control", "time": 1325378096.218143}, {"logType": "success", "message": "Relay Control mosquitto_pub -t '/ig100/a840411bff87/request' -m '{\"payload\": {\"command\": \"SET_RELAY_PIN_VALUE\", \"value\": \"1\", \"pin\": \"0\"}, \"message_uid\": \"00001\"}'", "event": "Trigger::Relay Control", "time": 1325378086.218811}, {"logType": "success", "message": "Relay Control mosquitto_pub -t '/ig100/a840411bff87/request' -m '{\"payload\": {\"command\": \"SET_RELAY_PIN_VALUE\", \"value\": \"1\", \"pin\": \"0\"}, \"message_uid\": \"00001\"}'", "event": "Trigger::Relay Control", "time": 1325378076.2182519}, {"logType": "success", "message": "Relay Control mosquitto_pub -t '/ig100/a840411bff87/request' -m '{\"payload\": {\"command\": \"SET_RELAY_PIN_VALUE\", \"value\": \"1\", \"pin\": \"0\"}, \"message_uid\": \"00001\"}'", "event": "Trigger::Relay Control", "time": 1325378066.218842}, {"logType": "success", "message": "Relay Control mosquitto_pub -t '/ig100/a840411bff87/request' -m '{\"payload\": {\"command\": \"SET_RELAY_PIN_VALUE\", \"value\": \"1\", \"pin\": \"0\"}, \"message_uid\": \"00001\"}'", "event": "Trigger::Relay Control", "time": 1325378056.2190488}, {"logType": "success", "message": "Relay Control mosquitto_pub -t '/ig100/a840411bff87/request' -m '{\"payload\": {\"command\": \"SET_RELAY_PIN_VALUE\", \"value\": \"1\", \"pin\": \"0\"}, \"message_uid\": \"00001\"}'", "event": "Trigger::Relay Control", "time": 1325378046.2269461}, {"logType": "success", "message": "Relay Control mosquitto_pub -t '/ig100/a840411bff87/request' -m '{\"payload\": {\"command\": \"SET_RELAY_PIN_VALUE\", \"value\": \"1\", \"pin\": \"0\"}, \"message_uid\": \"00001\"}'", "event": "Trigger::Relay Control", "time": 1325378036.2177427}, {"logType": "success", "message": "Relay Control mosquitto_pub -t '/ig100/a840411bff87/request' -m '{\"payload\": {\"command\": \"SET_RELAY_PIN_VALUE\", \"value\": \"1\", \"pin\": \"0\"}, \"message_uid\": \"00001\"}'", "event": "Trigger::Relay Control", "time": 1325378026.219871}, {"logType": "success", "message": "Relay Control mosquitto_pub -t '/ig100/a840411bff87/request' -m '{\"payload\": {\"command\": \"SET_RELAY_PIN_VALUE\", \"value\": \"1\", \"pin\": \"0\"}, \"message_uid\": \"00001\"}'", "event": "Trigger::Relay Control", "time": 1325378016.2261698}, {"logType": "success", "message": "Relay Control mosquitto_pub -t '/ig100/a840411bff87/request' -m '{\"payload\": {\"command\": \"SET_RELAY_PIN_VALUE\", \"value\": \"1\", \"pin\": \"0\"}, \"message_uid\": \"00001\"}'", "event": "Trigger::Relay Control", "time": 1325378006.220839}, {"logType": "success", "message": "Relay Control mosquitto_pub -t '/ig100/a840411bff87/request' -m '{\"payload\": {\"command\": \"SET_RELAY_PIN_VALUE\", \"value\": \"1\", \"pin\": \"0\"}, \"message_uid\": \"00001\"}'", "event": "Trigger::Relay Control", "time": 1325377996.2259248}, {"logType": "success", "message": "Relay Control mosquitto_pub -t '/ig100/a840411bff87/request' -m '{\"payload\": {\"command\": \"SET_RELAY_PIN_VALUE\", \"value\": \"1\", \"pin\": \"0\"}, \"message_uid\": \"00001\"}'", "event": "Trigger::Relay Control", "time": 1325377986.2188089}, {"logType": "success", "message": "Relay Control mosquitto_pub -t '/ig100/a840411bff87/request' -m '{\"payload\": {\"command\": \"SET_RELAY_PIN_VALUE\", \"value\": \"1\", \"pin\": \"0\"}, \"message_uid\": \"00001\"}'", "event": "Trigger::Relay Control", "time": 1325377976.22034}, {"logType": "success", "message": "Relay Control mosquitto_pub -t '/ig100/a840411bff87/request' -m '{\"payload\": {\"command\": \"SET_RELAY_PIN_VALUE\", \"value\": \"1\", \"pin\": \"0\"}, \"message_uid\": \"00001\"}'", "event": "Trigger::Relay Control", "time": 1325377966.216671}, {"logType": "success", "message": "Relay Control mosquitto_pub -t '/ig100/a840411bff87/request' -m '{\"payload\": {\"command\": \"SET_RELAY_PIN_VALUE\", \"value\": \"1\", \"pin\": \"0\"}, \"message_uid\": \"00001\"}'", "event": "Trigger::Relay Control", "time": 1325377956.216763}, {"logType": "success", "message": "Relay Control mosquitto_pub -t '/ig100/a840411bff87/request' -m '{\"payload\": {\"command\": \"SET_RELAY_PIN_VALUE\", \"value\": \"1\", \"pin\": \"0\"}, \"message_uid\": \"00001\"}'", "event": "Trigger::Relay Control", "time": 1325377946.2201205}, {"logType": "success", "message": "Relay Control mosquitto_pub -t '/ig100/a840411bff87/request' -m '{\"payload\": {\"command\": \"SET_RELAY_PIN_VALUE\", \"value\": \"1\", \"pin\": \"0\"}, \"message_uid\": \"00001\"}'", "event": "Trigger::Relay Control", "time": 1325377936.218174}, {"logType": "success", "message": "Relay Control mosquitto_pub -t '/ig100/a840411bff87/request' -m '{\"payload\": {\"command\": \"SET_RELAY_PIN_VALUE\", \"value\": \"1\", \"pin\": \"0\"}, \"message_uid\": \"00001\"}'", "event": "Trigger::Relay Control", "time": 1325377926.2171741}, {"logType": "success", "message": "Relay Control mosquitto_pub -t '/ig100/a840411bff87/request' -m '{\"payload\": {\"command\": \"SET_RELAY_PIN_VALUE\", \"value\": \"1\", \"pin\": \"0\"}, \"message_uid\": \"00001\"}'", "event": "Trigger::Relay Control", "time": 1325377916.2179761}, {"logType": "success", "message": "Relay Control mosquitto_pub -t '/ig100/a840411bff87/request' -m '{\"payload\": {\"command\": \"SET_RELAY_PIN_VALUE\", \"value\": \"1\", \"pin\": \"0\"}, \"message_uid\": \"00001\"}'", "event": "Trigger::Relay Control", "time": 1325377906.223263}, {"logType": "success", "message": "Relay Control mosquitto_pub -t '/ig100/a840411bff87/request' -m '{\"payload\": {\"command\": \"SET_RELAY_PIN_VALUE\", \"value\": \"1\", \"pin\": \"0\"}, \"message_uid\": \"00001\"}'", "event": "Trigger::Relay Control", "time": 1325377896.2185399}, {"logType": "success", "message": "Relay Control mosquitto_pub -t '/ig100/a840411bff87/request' -m '{\"payload\": {\"command\": \"SET_RELAY_PIN_VALUE\", \"value\": \"1\", \"pin\": \"0\"}, \"message_uid\": \"00001\"}'", "event": "Trigger::Relay Control", "time": 1325377886.2185569}, {"logType": "success", "message": "Relay Control mosquitto_pub -t '/ig100/a840411bff87/request' -m '{\"payload\": {\"command\": \"SET_RELAY_PIN_VALUE\", \"value\": \"1\", \"pin\": \"0\"}, \"message_uid\": \"00001\"}'", "event": "Trigger::Relay Control", "time": 1325377876.2197573}, {"logType": "success", "message": "Relay Control mosquitto_pub -t '/ig100/a840411bff87/request' -m '{\"payload\": {\"command\": \"SET_RELAY_PIN_VALUE\", \"value\": \"1\", \"pin\": \"0\"}, \"message_uid\": \"00001\"}'", "event": "Trigger::Relay Control", "time": 1325377866.2190941}, {"logType": "success", "message": "Relay Control mosquitto_pub -t '/ig100/a840411bff87/request' -m '{\"payload\": {\"command\": \"SET_RELAY_PIN_VALUE\", \"value\": \"1\", \"pin\": \"0\"}, \"message_uid\": \"00001\"}'", "event": "Trigger::Relay Control", "time": 1325377856.2172821}, {"logType": "success", "message": "Relay Control mosquitto_pub -t '/ig100/a840411bff87/request' -m '{\"payload\": {\"command\": \"SET_RELAY_PIN_VALUE\", \"value\": \"1\", \"pin\": \"0\"}, \"message_uid\": \"00001\"}'", "event": "Trigger::Relay Control", "time": 1325377846.2270999}, {"logType": "success", "message": "Relay Control mosquitto_pub -t '/ig100/a840411bff87/request' -m '{\"payload\": {\"command\": \"SET_RELAY_PIN_VALUE\", \"value\": \"1\", \"pin\": \"0\"}, \"message_uid\": \"00001\"}'", "event": "Trigger::Relay Control", "time": 1325377836.226608}, {"logType": "success", "message": "Relay Control mosquitto_pub -t '/ig100/a840411bff87/request' -m '{\"payload\": {\"command\": \"SET_RELAY_PIN_VALUE\", \"value\": \"1\", \"pin\": \"0\"}, \"message_uid\": \"00001\"}'", "event": "Trigger::Relay Control", "time": 1325377826.2298989}, {"logType": "success", "message": "Relay Control mosquitto_pub -t '/ig100/a840411bff87/request' -m '{\"payload\": {\"command\": \"SET_RELAY_PIN_VALUE\", \"value\": \"1\", \"pin\": \"0\"}, \"message_uid\": \"00001\"}'", "event": "Trigger::Relay Control", "time": 1325377816.218694}, {"logType": "success", "message": "Relay Control mosquitto_pub -t '/ig100/a840411bff87/request' -m '{\"payload\": {\"command\": \"SET_RELAY_PIN_VALUE\", \"value\": \"1\", \"pin\": \"0\"}, \"message_uid\": \"00001\"}'", "event": "Trigger::Relay Control", "time": 1325377806.2279439}, {"logType": "success", "message": "Relay Control mosquitto_pub -t '/ig100/a840411bff87/request' -m '{\"payload\": {\"command\": \"SET_RELAY_PIN_VALUE\", \"value\": \"1\", \"pin\": \"0\"}, \"message_uid\": \"00001\"}'", "event": "Trigger::Relay Control", "time": 1325377796.2390974}, {"logType": "success", "message": "Relay Control mosquitto_pub -t '/ig100/a840411bff87/request' -m '{\"payload\": {\"command\": \"SET_RELAY_PIN_VALUE\", \"value\": \"1\", \"pin\": \"0\"}, \"message_uid\": \"00001\"}'", "event": "Trigger::Relay Control", "time": 1325377786.217134}, {"logType": "success", "message": "Relay Control mosquitto_pub -t '/ig100/a840411bff87/request' -m '{\"payload\": {\"command\": \"SET_RELAY_PIN_VALUE\", \"value\": \"1\", \"pin\": \"0\"}, \"message_uid\": \"00001\"}'", "event": "Trigger::Relay Control", "time": 1325377776.22104}, {"logType": "success", "message": "Relay Control mosquitto_pub -t '/ig100/a840411bff87/request' -m '{\"payload\": {\"command\": \"SET_RELAY_PIN_VALUE\", \"value\": \"1\", \"pin\": \"0\"}, \"message_uid\": \"00001\"}'", "event": "Trigger::Relay Control", "time": 1325377766.218468}, {"logType": "success", "message": "Relay Control mosquitto_pub -t '/ig100/a840411bff87/request' -m '{\"payload\": {\"command\": \"SET_RELAY_PIN_VALUE\", \"value\": \"1\", \"pin\": \"0\"}, \"message_uid\": \"00001\"}'", "event": "Trigger::Relay Control", "time": 1325377756.221154}]