[{"mac":"a84041183a8c","inputs":{"digital7":{"name":"Digital 7","isUsed":true},"digital11":{"name":"Digital 11","isUsed":true},"digital12":{"name":"Digital 12","isUsed":false},"analog4":{"name":"Analog 4","isUsed":false},"analog2":{"name":"Analog 2","isUsed":false},"digital6":{"name":"Digital 6","isUsed":true},"digital4":{"name":"Digital 4","isUsed":false},"digital3":{"name":"Digital 3","isUsed":false},"digital8":{"name":"Digital 8","isUsed":false},"analog3":{"name":"Analog 3","isUsed":false},"digital1":{"name":"Digital 1","isUsed":false},"digital5":{"name":"Digital 5","isUsed":false},"digital9":{"name":"Digital 9","isUsed":false},"analog1":{"name":"Analog 1","isUsed":true},"digital10":{"name":"Digital 10","isUsed":false},"digital2":{"name":"Digital 2","isUsed":false}},"statusAnalog":{"analog2":{"id":"02","name":"Analog 2","isOn":false},"analog4":{"id":"04","name":"Analog 4","isOn":false},"analog1":{"id":"01","name":"Analog 1","isOn":true},"analog3":{"id":"03","name":"Analog 3","isOn":false}},"host":{"name":{"value":"15356"}},"name":"Home Gateway","sensors":{"13253992052":{"sensor":"Temperature and Humidity (DHT11)","name":"Test Sensor","input":"digital6","location":"Test Place","sensor_type":"digital","sensor_uid":"temperaturehumidity_digital_04","output":"relay3"},"13253994523":{"sensor":"Light Sensor (Analogue)","name":"Updated","input":"analog1","location":"other","sensor_uid":"lightsensor_analog_12","sensor_type":"analog","output":"pwm4"},"13253989161":{"sensor":"Flame Sensor (Digital)","name":"Sensor","input":"digital11","location":"Test Place","sensor_uid":"flamesensor_digital_01","sensor_type":"digital","output":"pwm3"},"13254437134":{"note":"test","name":"test","input":"digital7","sensor_type":"digital","sensor_uid":"Liquid_Level_28","sensor":"Liquid Level Sensor Module Water"}},"total_sensor":4,"dateTime":{"date":{"day":"24","year":"2019","month":"05"},"server":{"ntpserver1":"2019","ntpserver2":"05"},"time":{"hour":"2019","minute":"05","secound":"24"},"timezone":"Asia/Dhaka"},"wanInterface":{"primaryDNSserver":"","subnetMask":"","ppUser":"","confirmUser":"","ppPassword":"","ipAddress":"10.130.1.1","secounderyDNSserver":"","connectionType":"","gateway":""},"statusDigital":{"digital7":{"id":"07","name":"Digital 7","isOn":true},"digital11":{"id":"11","name":"Digital 11","isOn":false},"digital12":{"id":"12","name":"Digital 12","isOn":false},"digital6":{"id":"06","name":"Digital 6","isOn":false},"digital4":{"id":"04","name":"Digital 4","isOn":false},"digital08":{"id":"08","name":"Digital 08","isOn":false},"digital1":{"id":"01","name":"Digital 1","isOn":true},"digital5":{"id":"05","name":"Digital 5","isOn":false},"digital3":{"id":"03","name":"Digital 3","isOn":false},"digital09":{"id":"09","name":"Digital 09","isOn":false},"digital10":{"id":"10","name":"Digital 10","isOn":false},"digital2":{"id":"02","name":"Digital 2","isOn":true}},"outputs":{"relay4":{"isOn":true,"conditions":"Flame Sensor (Digital)==2","name":"Relay 4"},"pwm1":{"isOn":false,"conditions":"digital7,>=,20,And,digital8,==,20","name":"PWM 1"},"relay2":{"isOn":true,"conditions":"Light Sensor (Analogue)>=3","name":"test output"},"relay3":{"isUsed":true,"name":"Relay 3","isOn":true},"relay1":{"isUsed":false,"name":"Relay 1","isOn":false},"pwm4":{"isUsed":true,"name":"PWM 4","isOn":false},"pwm2":{"isUsed":false,"name":"PWM 2","isOn":false},"pwm3":""}}]