{
    "DHT_11": {
        "name": "Temperature and Humidity (DHT11)",
        "uid": "DHT_11",
        "type": "digital"
    },
    "flame_sensor": {
        "name": "Flame Sensor (Digital)",
        "uid": "flame_sensor",
        "type": "digital"
    },
    "gas_sensor": {
        "name": "Gas Sensor - Analog",
        "uid": "gas_sensor",
        "type": "analog"
    },
    "motion_sensor": {
        "name": "Motion Sensor - Digital",
        "uid": "motion_sensor",
        "type": "digital"
    },
    "water_leak_detector": {
        "name": "Water Leak Sensor - Analog",
        "uid": "water_leak_detector",
        "type": "analog"
    },
    "soil_mouisture_sensor": {
        "name": "Soil Mouisture Sensor - Analog",
        "uid": "soil_mouisture_sensor",
        "type": "analog"
    },
    "magnetic_door_switch_sensor": {
        "name": "Magnetic Door Switch - Analog",
        "uid": "magnetic_door_switch_sensor",
        "type": "analog"
    },
    "photo_cell": {
        "name": "Photo Cell - Analog",
        "uid": "photo_cell",
        "type": "analog"
    },
    "power_failure_sensor": {
        "name": "Power Failure Sensor - Digital",
        "uid": "power_failure_sensor",
        "type": "digital"
    },
    "ir_sensor": {
        "name": "IR Sensor - Digital",
        "uid": "ir_sensor",
        "type": "digital"
    },
    "ultra_sonic_sensor": {
        "name": "Ultra Sonic Sensor - Digital",
        "uid": "ultra_sonic_sensor",
        "type": "digital"
    },
    "smoke_sensor": {
        "name": "Smoke Sensor - Analog",
        "uid": "smoke_sensor",
        "type": "analog"
    },
    "temperature_sensor": {
        "name": "Smoke Sensor - Analog",
        "uid": "temperature_sensor",
        "type": "analog"
    },
    "rain_detect_sensor": {
        "name": "Rain Detect Sensor - Analog",
        "uid": "rain_detect_sensor",
        "type": "analog"
    },
    "leaf_wetness_sensor": {
        "name": "Leaf Wetness Sensor - Analog",
        "uid": "leaf_wetness_sensor",
        "type": "analog"
    },
    "wind_sensor": {
        "name": "Wind Sensor - Analog",
        "uid": "wind_sensor",
        "type": "analog"
    },
    "water_flow_sensor": {
        "name": "Water Flow Sensor - Analog",
        "uid": "water_flow_sensor",
        "type": "analog"
    },
    "lequid_level_sensor": {
        "name": "Lequid Level Sensor - Analog",
        "uid": "lequid_level_sensor",
        "type": "analog"
    },
    "ph_sensor": {
        "name": "PH Sensor - Analog",
        "uid": "ph_sensor",
        "type": "analog"
    },
    "laser_sensor": {
        "name": "Laser Sensor - Analog",
        "uid": "laser_sensor",
        "type": "analog"
    },
    "force_sensor": {
        "name": "Force Sensor - Analog",
        "uid": "force_sensor",
        "type": "analog"
    },
    "load_sensor": {
        "name": "Load Sensor - Digital",
        "uid": "load_sensor",
        "type": "digital"
    },
    "inductive_proximity_sensor": {
        "name": "Inductive Proximity Sensor - Digital",
        "uid": "inductive_proximity_sensor",
        "type": "digital"
    },
    "capacitive_proximity_sensor": {
        "name": "Capacitive Proximity Sensor - Digital",
        "uid": "capacitive_proximity_sensor",
        "type": "digital"
    },
    "current_sensor": {
        "name": "Current Sensor - Analog",
        "uid": "current_sensor",
        "type": "analog"
    },
    "Temperature_ds18b20_sensor": {
        "name": "Temperature ds18b20 sensor - Digital",
        "uid": "temperature_ds18b20_sensor",
        "type": "digital"
    }
}